linear_regression,random_forest,decision_tree
4295.776149647396,8665.789826107826,12167.304937198813
