linear_regression,random_forest,decision_tree
4295.776149647396,8369.293501650518,11642.28422230979
