linear_regression,random_forest,decision_tree
4295.776149647396,8545.994937576466,12167.304937198813
